{
  "auc_roc": 0.7283155407936083,
  "pr_auc": 0.33310312253601143,
  "threshold": 0.7812286019325256,
  "precision": 0.3522450328390268,
  "recall": 0.619297911163158,
  "f1": 0.4490683904433086,
  "fpr": 0.11323987243679835,
  "tpr": 0.619297911163158,
  "tp": 68220,
  "fp": 125452,
  "tn": 982391,
  "fn": 41937,
  "n_eval_edges": 1218000,
  "calibrated_thresholds": [],
  "infer_time_sec": 5.583543539047241,
  "dataset": "NF-UNSW-NB15-v3",
  "mode": "federated_fedavg",
  "shared_weight": "fedavg",
  "personalisation": "na",
  "secagg": false,
  "trained_on": [
    "NF-BoT-IoT-v3",
    "NF-UNSW-NB15-v3",
    "NF-ToN-IoT-v3"
  ],
  "edge_columns": "baseline",
  "log1p_columns": "baseline",
  "rounds_trained": 50,
  "train_time_sec": 119.10318779945374,
  "adabn_batches": null,
  "eval_time_sec": 10.360605716705322
}