{
  "auc_roc": 0.8667135308338472,
  "pr_auc": 0.43107799778300837,
  "threshold": 1.2935371398925781,
  "precision": 0.4715412795198397,
  "recall": 0.7758614349281066,
  "f1": 0.5865799224559328,
  "fpr": 0.11767196507218555,
  "tpr": 0.7758614349281066,
  "tp": 1624546,
  "fp": 1820637,
  "tn": 13651502,
  "fn": 469315,
  "n_eval_edges": 17566000,
  "calibrated_thresholds": [],
  "infer_time_sec": 102.50709080696106,
  "dataset": "NF-CICIDS2018-v3",
  "mode": "federated_fedavg",
  "shared_weight": "fedavg",
  "personalisation": "na",
  "secagg": false,
  "trained_on": [
    "NF-BoT-IoT-v3",
    "NF-UNSW-NB15-v3",
    "NF-CICIDS2018-v3"
  ],
  "edge_columns": "baseline",
  "log1p_columns": "baseline",
  "rounds_trained": 50,
  "train_time_sec": 123.61415958404541,
  "adabn_batches": null,
  "eval_time_sec": 111.20467138290405
}