{
  "auc_roc": 0.7835878823044741,
  "pr_auc": 0.24426927844034274,
  "threshold": 0.8144319653511047,
  "precision": 0.2874159442724458,
  "recall": 0.8867384224645285,
  "f1": 0.4341213868216937,
  "fpr": 0.2975214351422256,
  "tpr": 0.8867384224645285,
  "tp": 1856707,
  "fp": 4603293,
  "tn": 10868846,
  "fn": 237154,
  "n_eval_edges": 17566000,
  "calibrated_thresholds": [],
  "infer_time_sec": 107.91917586326599,
  "dataset": "NF-CICIDS2018-v3",
  "mode": "federated_fedavg",
  "shared_weight": "fedavg",
  "personalisation": "na",
  "secagg": false,
  "trained_on": [
    "NF-UNSW-NB15-v3",
    "NF-ToN-IoT-v3",
    "NF-CICIDS2018-v3"
  ],
  "edge_columns": "baseline",
  "log1p_columns": "baseline",
  "rounds_trained": 50,
  "train_time_sec": 141.51047897338867,
  "adabn_batches": null,
  "eval_time_sec": 117.91104698181152
}