{
  "auc_roc": 0.4807256769971897,
  "pr_auc": 0.9991657360292805,
  "precision": 0.9993399068313266,
  "recall": 0.9839880112972837,
  "f1": 0.9916045436004441,
  "fpr": 0.931883811788687,
  "tpr": 0.9839880112972837,
  "threshold": 0.330485075712204,
  "tp": 16610924,
  "fp": 10972,
  "tn": 802,
  "fn": 270302,
  "n_eval_edges": 16893000,
  "dataset": "NF-BoT-IoT-v3",
  "edge_columns": [
    "PROTOCOL",
    "L4_SRC_PORT",
    "L4_DST_PORT",
    "MIN_TTL",
    "FLOW_DURATION_MILLISECONDS",
    "TOTAL_PKTS",
    "TOTAL_BYTES"
  ],
  "log1p_columns": [
    "FLOW_DURATION_MILLISECONDS",
    "TOTAL_PKTS",
    "TOTAL_BYTES"
  ],
  "train_time_sec": 59.80884146690369,
  "infer_time_sec": 18.439690828323364,
  "best_epoch": 24,
  "epochs_trained": 44,
  "best_val_mse": 0.4702464192708333
}