{
  "auc_roc": 0.5722462885117181,
  "pr_auc": 0.9995008659911082,
  "precision": 0.9997051902134966,
  "recall": 0.42103417133329063,
  "f1": 0.592522538237944,
  "fpr": 0.1780193647018855,
  "tpr": 0.42103417133329063,
  "threshold": 0.7259278297424316,
  "tp": 7107573,
  "fp": 2096,
  "tn": 9678,
  "fn": 9773653,
  "n_eval_edges": 16893000,
  "dataset": "NF-BoT-IoT-v3",
  "edge_columns": [
    "IN_BYTES",
    "OUT_BYTES",
    "FLOW_DURATION_MILLISECONDS"
  ],
  "train_time_sec": 51.855205059051514,
  "infer_time_sec": 17.968547105789185
}