{
  "auc_roc": 0.9016019718197787,
  "pr_auc": 0.9997014427580607,
  "precision": 0.9999133805203261,
  "recall": 0.9334165065973289,
  "f1": 0.9655213636992818,
  "fpr": 0.1159334126040428,
  "tpr": 0.9334165065973289,
  "threshold": 1.2550852298736572,
  "tp": 15757215,
  "fp": 1365,
  "tn": 10409,
  "fn": 1124011,
  "n_eval_edges": 16893000,
  "dataset": "NF-BoT-IoT-v3",
  "edge_columns": [
    "IN_BYTES",
    "OUT_BYTES",
    "FLOW_DURATION_MILLISECONDS"
  ],
  "log1p_columns": [],
  "train_time_sec": 48.89884161949158,
  "infer_time_sec": 17.769423484802246,
  "best_epoch": 65,
  "epochs_trained": 85,
  "best_val_mse": 1.42958740234375
}