{
  "auc_roc": 0.7346342444534665,
  "pr_auc": 0.9993997118823746,
  "precision": 0.9996788830927009,
  "recall": 0.899201574577581,
  "f1": 0.946781902060103,
  "fpr": 0.41413283506030235,
  "tpr": 0.899201574577581,
  "threshold": 0.2211233526468277,
  "tp": 15179625,
  "fp": 4876,
  "tn": 6898,
  "fn": 1701601,
  "n_eval_edges": 16893000,
  "dataset": "NF-BoT-IoT-v3",
  "edge_columns": [
    "PROTOCOL",
    "L4_SRC_PORT",
    "L4_DST_PORT",
    "MIN_TTL",
    "FLOW_DURATION_MILLISECONDS",
    "TOTAL_PKTS",
    "TOTAL_BYTES"
  ],
  "log1p_columns": [],
  "train_time_sec": 61.3917510509491,
  "infer_time_sec": 18.27257466316223,
  "best_epoch": 1,
  "epochs_trained": 85,
  "best_val_mse": 0.3444043294270833
}