{
  "auc_roc": 0.8046135977696801,
  "pr_auc": 0.9994553791472349,
  "precision": 0.9997621002502668,
  "recall": 0.9472254562553691,
  "f1": 0.9727849655660024,
  "fpr": 0.3231696959402072,
  "tpr": 0.9472254562553691,
  "threshold": 0.2937568724155426,
  "tp": 15990327,
  "fp": 3805,
  "tn": 7969,
  "fn": 890899,
  "n_eval_edges": 16893000,
  "dataset": "NF-BoT-IoT-v3",
  "edge_columns": [
    "PROTOCOL",
    "L4_SRC_PORT",
    "L4_DST_PORT",
    "MIN_TTL",
    "FLOW_DURATION_MILLISECONDS",
    "TOTAL_PKTS",
    "TOTAL_BYTES"
  ],
  "log1p_columns": [
    "FLOW_DURATION_MILLISECONDS",
    "TOTAL_PKTS",
    "TOTAL_BYTES"
  ],
  "train_time_sec": 63.081918478012085,
  "infer_time_sec": 18.644052505493164,
  "best_epoch": 1,
  "epochs_trained": 85,
  "best_val_mse": 0.3020366536458333
}