dataset,auc_roc,pr_auc,precision,recall,f1,fpr,threshold,n_eval_edges,train_time_sec,infer_time_sec
NF-BoT-IoT-v3,0.5722462885117181,0.9995008659911082,0.9997051902134966,0.42103417133329063,0.592522538237944,0.1780193647018855,0.7259278297424316,16893000,51.855205059051514,17.968547105789185
NF-UNSW-NB15-v3,0.5,0.0904408866995074,0.0,0.0,0.0,0.0,inf,1218000,116.49546599388123,1.1269690990447998
NF-ToN-IoT-v3,0.49525316748444087,0.5270604057127906,0.0,0.0,0.0,0.0,inf,20123000,176.8795771598816,20.014557361602783
NF-CICIDS2018-v3,0.44262326933104856,0.11798734658689071,0.0,0.0,0.0,0.0,inf,17566000,205.67231464385986,22.322413206100464
