dataset,auc_roc,pr_auc,precision,recall,f1,fpr,threshold,n_eval_edges,train_time_sec,infer_time_sec
NF-BoT-IoT-v3,0.4807256769971897,0.9991657360292805,0.9993399068313266,0.9839880112972837,0.9916045436004441,0.931883811788687,0.330485075712204,16893000,59.80884146690369,18.439690828323364
NF-UNSW-NB15-v3,0.9923897537574484,0.8810228224161549,0.7123226520194864,0.9995097905716387,0.8318261145486276,0.040137456300215826,0.048698846250772476,1218000,201.597895860672,2.2964928150177
NF-ToN-IoT-v3,0.7180601300612163,0.6834035729467788,0.7075657960756874,0.7531639833538012,0.7296531924821932,0.3482574319621041,0.9553879499435425,20123000,286.93921661376953,26.06317687034607
NF-CICIDS2018-v3,0.958062504492941,0.9037326982436931,0.833248775577964,0.8761436408625023,0.8541580142250795,0.023728328707491576,0.7268922924995422,17566000,355.1821687221527,40.758437156677246
