{
  "auc_roc": 0.9515072905538379,
  "pr_auc": 0.8675581717659296,
  "threshold": 0.8087571263313293,
  "precision": 0.8206143779495643,
  "recall": 0.8798616527076057,
  "f1": 0.8492058809429864,
  "fpr": 0.026029174117424874,
  "tpr": 0.8798616527076057,
  "tp": 1842308,
  "fp": 402727,
  "tn": 15069412,
  "fn": 251553,
  "n_eval_edges": 17566000,
  "calibrated_thresholds": [],
  "infer_time_sec": 107.21497774124146,
  "dataset": "NF-CICIDS2018-v3",
  "mode": "federated_fedavg",
  "shared_weight": "fedavg",
  "personalisation": "na",
  "secagg": false,
  "trained_on": [
    "NF-BoT-IoT-v3",
    "NF-ToN-IoT-v3",
    "NF-CICIDS2018-v3"
  ],
  "edge_columns": "baseline",
  "log1p_columns": "baseline",
  "rounds_trained": 50,
  "train_time_sec": 124.41952061653137,
  "adabn_batches": null,
  "eval_time_sec": 116.0986807346344
}