{
  "auc_roc": 0.8221499602560034,
  "pr_auc": 0.7641516040307085,
  "threshold": 1.31051504611969,
  "precision": 0.6794779182400262,
  "recall": 0.751418430058916,
  "f1": 0.7136397142820193,
  "fpr": 0.03524506631354804,
  "tpr": 0.751418430058916,
  "tp": 82774,
  "fp": 39046,
  "tn": 1068797,
  "fn": 27383,
  "n_eval_edges": 1218000,
  "calibrated_thresholds": [],
  "infer_time_sec": 5.445361375808716,
  "dataset": "NF-UNSW-NB15-v3",
  "mode": "federated_fedavg",
  "shared_weight": "fedavg",
  "personalisation": "na",
  "secagg": false,
  "trained_on": [
    "NF-BoT-IoT-v3",
    "NF-UNSW-NB15-v3",
    "NF-CICIDS2018-v3"
  ],
  "edge_columns": "baseline",
  "log1p_columns": "baseline",
  "rounds_trained": 50,
  "train_time_sec": 123.61415958404541,
  "adabn_batches": null,
  "eval_time_sec": 10.392813444137573
}