{
  "auc_roc": 0.9549695376851197,
  "pr_auc": 0.5800637401168962,
  "precision": 0.3888579551530482,
  "recall": 0.9573063899706782,
  "f1": 0.5530620486382445,
  "fpr": 0.14960152295948073,
  "tpr": 0.9573063899706782,
  "threshold": 0.008910495787858963,
  "tp": 105454,
  "fp": 165735,
  "tn": 942108,
  "fn": 4703,
  "n_eval_edges": 1218000,
  "dataset": "NF-UNSW-NB15-v3",
  "edge_columns": [
    "PROTOCOL",
    "L4_SRC_PORT",
    "L4_DST_PORT",
    "MIN_TTL",
    "FLOW_DURATION_MILLISECONDS",
    "TOTAL_PKTS",
    "TOTAL_BYTES"
  ],
  "log1p_columns": [],
  "train_time_sec": 182.8390440940857,
  "infer_time_sec": 2.408712148666382,
  "best_epoch": 75,
  "epochs_trained": 85,
  "best_val_mse": 0.019554991039426522
}