{
  "auc_roc": 0.8879336193435783,
  "pr_auc": 0.3771473707973685,
  "precision": 0.390953499372054,
  "recall": 0.8703849959603112,
  "f1": 0.5395539123412708,
  "fpr": 0.13482506095177746,
  "tpr": 0.8703849959603112,
  "threshold": 0.05132477730512619,
  "tp": 95879,
  "fp": 149365,
  "tn": 958478,
  "fn": 14278,
  "n_eval_edges": 1218000,
  "dataset": "NF-UNSW-NB15-v3",
  "edge_columns": [
    "IN_BYTES",
    "OUT_BYTES",
    "FLOW_DURATION_MILLISECONDS"
  ],
  "log1p_columns": [],
  "train_time_sec": 86.88132643699646,
  "infer_time_sec": 1.638838768005371,
  "best_epoch": 78,
  "epochs_trained": 85,
  "best_val_mse": 0.6924288541666667
}