{
  "auc_roc": 0.9306211424602315,
  "pr_auc": 0.7702181758872608,
  "precision": 0.9717146607501713,
  "recall": 0.7593888722459762,
  "f1": 0.8525305232261878,
  "fpr": 0.0021979648740841438,
  "tpr": 0.7593888722459762,
  "threshold": 0.09803825616836548,
  "tp": 83652,
  "fp": 2435,
  "tn": 1105408,
  "fn": 26505,
  "n_eval_edges": 1218000,
  "dataset": "NF-UNSW-NB15-v3",
  "edge_columns": [
    "PROTOCOL",
    "L4_SRC_PORT",
    "L4_DST_PORT",
    "MIN_TTL",
    "FLOW_DURATION_MILLISECONDS",
    "TOTAL_PKTS",
    "TOTAL_BYTES"
  ],
  "log1p_columns": [
    "FLOW_DURATION_MILLISECONDS",
    "TOTAL_PKTS",
    "TOTAL_BYTES"
  ],
  "train_time_sec": 182.37227582931519,
  "infer_time_sec": 2.218008518218994,
  "best_epoch": 66,
  "epochs_trained": 85,
  "best_val_mse": 0.019983714157706094
}