{
  "auc_roc": 0.9923897537574484,
  "pr_auc": 0.8810228224161549,
  "precision": 0.7123226520194864,
  "recall": 0.9995097905716387,
  "f1": 0.8318261145486276,
  "fpr": 0.040137456300215826,
  "tpr": 0.9995097905716387,
  "threshold": 0.048698846250772476,
  "tp": 110103,
  "fp": 44466,
  "tn": 1063377,
  "fn": 54,
  "n_eval_edges": 1218000,
  "dataset": "NF-UNSW-NB15-v3",
  "edge_columns": [
    "PROTOCOL",
    "L4_SRC_PORT",
    "L4_DST_PORT",
    "MIN_TTL",
    "FLOW_DURATION_MILLISECONDS",
    "TOTAL_PKTS",
    "TOTAL_BYTES"
  ],
  "log1p_columns": [
    "FLOW_DURATION_MILLISECONDS",
    "TOTAL_PKTS",
    "TOTAL_BYTES"
  ],
  "train_time_sec": 201.597895860672,
  "infer_time_sec": 2.2964928150177,
  "best_epoch": 76,
  "epochs_trained": 96,
  "best_val_mse": 0.02231126404494382
}