{
  "auc_roc": 0.9569870590516694,
  "pr_auc": 0.8794019085654873,
  "precision": 0.7675920551733556,
  "recall": 0.8589829983938762,
  "f1": 0.8107200754740624,
  "fpr": 0.035196749460433364,
  "tpr": 0.8589829983938762,
  "threshold": 0.43748873472213745,
  "tp": 1798591,
  "fp": 544569,
  "tn": 14927570,
  "fn": 295270,
  "n_eval_edges": 17566000,
  "dataset": "NF-CICIDS2018-v3",
  "edge_columns": [
    "PROTOCOL",
    "L4_SRC_PORT",
    "L4_DST_PORT",
    "MIN_TTL",
    "FLOW_DURATION_MILLISECONDS",
    "TOTAL_PKTS",
    "TOTAL_BYTES"
  ],
  "log1p_columns": [
    "FLOW_DURATION_MILLISECONDS",
    "TOTAL_PKTS",
    "TOTAL_BYTES"
  ],
  "train_time_sec": 204.67378282546997,
  "infer_time_sec": 32.47932028770447,
  "best_epoch": 84,
  "epochs_trained": 85,
  "best_val_mse": 0.09519703629032258
}