{
  "auc_roc": 0.958062504492941,
  "pr_auc": 0.9037326982436931,
  "precision": 0.833248775577964,
  "recall": 0.8761436408625023,
  "f1": 0.8541580142250795,
  "fpr": 0.023728328707491576,
  "tpr": 0.8761436408625023,
  "threshold": 0.7268922924995422,
  "tp": 1834523,
  "fp": 367128,
  "tn": 15105011,
  "fn": 259338,
  "n_eval_edges": 17566000,
  "dataset": "NF-CICIDS2018-v3",
  "edge_columns": [
    "PROTOCOL",
    "L4_SRC_PORT",
    "L4_DST_PORT",
    "MIN_TTL",
    "FLOW_DURATION_MILLISECONDS",
    "TOTAL_PKTS",
    "TOTAL_BYTES"
  ],
  "log1p_columns": [
    "FLOW_DURATION_MILLISECONDS",
    "TOTAL_PKTS",
    "TOTAL_BYTES"
  ],
  "train_time_sec": 355.1821687221527,
  "infer_time_sec": 40.758437156677246,
  "best_epoch": 199,
  "epochs_trained": 200,
  "best_val_mse": 0.1321657648026316
}