{
  "auc_roc": 0.9538698282118658,
  "pr_auc": 0.8170793480272045,
  "precision": 0.5282926791201723,
  "recall": 0.9052888420004958,
  "f1": 0.6672204693935702,
  "fpr": 0.10939127421231157,
  "tpr": 0.9052888420004958,
  "threshold": 0.14827974140644073,
  "tp": 1895549,
  "fp": 1692517,
  "tn": 13779622,
  "fn": 198312,
  "n_eval_edges": 17566000,
  "dataset": "NF-CICIDS2018-v3",
  "edge_columns": [
    "PROTOCOL",
    "L4_SRC_PORT",
    "L4_DST_PORT",
    "MIN_TTL",
    "FLOW_DURATION_MILLISECONDS",
    "TOTAL_PKTS",
    "TOTAL_BYTES"
  ],
  "log1p_columns": [],
  "train_time_sec": 201.8346734046936,
  "infer_time_sec": 31.25530505180359,
  "best_epoch": 84,
  "epochs_trained": 85,
  "best_val_mse": 0.200445
}