{
  "auc_roc": 0.7671952430553142,
  "pr_auc": 0.7526755930472913,
  "threshold": 1.0673904418945312,
  "precision": 0.7776482321240321,
  "recall": 0.7049263717496098,
  "f1": 0.7395037596575659,
  "fpr": 0.225502140535227,
  "tpr": 0.7049263717496098,
  "tp": 7490272,
  "fp": 2141682,
  "tn": 7355709,
  "fn": 3135337,
  "n_eval_edges": 20123000,
  "calibrated_thresholds": [],
  "infer_time_sec": 89.26745390892029,
  "dataset": "NF-ToN-IoT-v3",
  "mode": "federated_fedavg",
  "shared_weight": "fedavg",
  "personalisation": "na",
  "secagg": false,
  "trained_on": [
    "NF-BoT-IoT-v3",
    "NF-UNSW-NB15-v3",
    "NF-CICIDS2018-v3"
  ],
  "edge_columns": "baseline",
  "log1p_columns": "baseline",
  "rounds_trained": 50,
  "train_time_sec": 123.61415958404541,
  "adabn_batches": null,
  "eval_time_sec": 96.99513864517212
}