{
  "auc_roc": 0.7689401041752131,
  "pr_auc": 0.21203365458771428,
  "threshold": 2.4277939796447754,
  "precision": 0.28090578885208584,
  "recall": 0.8938587613982016,
  "f1": 0.4274730633290128,
  "fpr": 0.3096645525224405,
  "tpr": 0.8938587613982016,
  "tp": 1871616,
  "fp": 4791173,
  "tn": 10680966,
  "fn": 222245,
  "n_eval_edges": 17566000,
  "calibrated_thresholds": [],
  "infer_time_sec": 100.56678986549377,
  "dataset": "NF-CICIDS2018-v3",
  "mode": "federated_fedavg",
  "shared_weight": "fedavg",
  "personalisation": "na",
  "secagg": false,
  "trained_on": [
    "NF-BoT-IoT-v3",
    "NF-UNSW-NB15-v3",
    "NF-ToN-IoT-v3"
  ],
  "edge_columns": "baseline",
  "log1p_columns": "baseline",
  "rounds_trained": 50,
  "train_time_sec": 119.10318779945374,
  "adabn_batches": null,
  "eval_time_sec": 108.97008156776428
}