{
  "auc_roc": 0.6386014766540914,
  "pr_auc": 0.6533952883475167,
  "precision": 0.6922990499191322,
  "recall": 0.49698534926327514,
  "f1": 0.5786042183942289,
  "fpr": 0.2471315543395023,
  "tpr": 0.49698534926327514,
  "threshold": 186.15292358398438,
  "tp": 5280772,
  "fp": 2347105,
  "tn": 7150286,
  "fn": 5344837,
  "n_eval_edges": 20123000,
  "dataset": "NF-ToN-IoT-v3",
  "edge_columns": [
    "IN_BYTES",
    "OUT_BYTES",
    "FLOW_DURATION_MILLISECONDS"
  ],
  "log1p_columns": [],
  "train_time_sec": 145.98709177970886,
  "infer_time_sec": 24.621489763259888,
  "best_epoch": 85,
  "epochs_trained": 85,
  "best_val_mse": 0.9588185416666667
}