{
  "auc_roc": 0.7180601300612163,
  "pr_auc": 0.6834035729467788,
  "precision": 0.7075657960756874,
  "recall": 0.7531639833538012,
  "f1": 0.7296531924821932,
  "fpr": 0.3482574319621041,
  "tpr": 0.7531639833538012,
  "threshold": 0.9553879499435425,
  "tp": 8002826,
  "fp": 3307537,
  "tn": 6189854,
  "fn": 2622783,
  "n_eval_edges": 20123000,
  "dataset": "NF-ToN-IoT-v3",
  "edge_columns": [
    "PROTOCOL",
    "L4_SRC_PORT",
    "L4_DST_PORT",
    "MIN_TTL",
    "FLOW_DURATION_MILLISECONDS",
    "TOTAL_PKTS",
    "TOTAL_BYTES"
  ],
  "log1p_columns": [
    "FLOW_DURATION_MILLISECONDS",
    "TOTAL_PKTS",
    "TOTAL_BYTES"
  ],
  "train_time_sec": 286.93921661376953,
  "infer_time_sec": 26.06317687034607,
  "best_epoch": 166,
  "epochs_trained": 186,
  "best_val_mse": 0.2346587326388889
}