{
  "auc_roc": 0.7337145755679114,
  "pr_auc": 0.6785065314206751,
  "precision": 0.7535297680885712,
  "recall": 0.7197581804487629,
  "f1": 0.7362569080020742,
  "fpr": 0.26339054588781274,
  "tpr": 0.7197581804487629,
  "threshold": 0.6013143062591553,
  "tp": 7647869,
  "fp": 2501523,
  "tn": 6995868,
  "fn": 2977740,
  "n_eval_edges": 20123000,
  "dataset": "NF-ToN-IoT-v3",
  "edge_columns": [
    "PROTOCOL",
    "L4_SRC_PORT",
    "L4_DST_PORT",
    "MIN_TTL",
    "FLOW_DURATION_MILLISECONDS",
    "TOTAL_PKTS",
    "TOTAL_BYTES"
  ],
  "log1p_columns": [
    "FLOW_DURATION_MILLISECONDS",
    "TOTAL_PKTS",
    "TOTAL_BYTES"
  ],
  "train_time_sec": 172.25644874572754,
  "infer_time_sec": 23.99232006072998,
  "best_epoch": 84,
  "epochs_trained": 85,
  "best_val_mse": 0.14892658333333333
}