{
  "auc_roc": 0.7748557732651805,
  "pr_auc": 0.7151083612378344,
  "precision": 0.7856100007074842,
  "recall": 0.8391739240546119,
  "f1": 0.8115090468620638,
  "fpr": 0.2562117322536263,
  "tpr": 0.8391739240546119,
  "threshold": 0.5670989751815796,
  "tp": 8916734,
  "fp": 2433343,
  "tn": 7064048,
  "fn": 1708875,
  "n_eval_edges": 20123000,
  "dataset": "NF-ToN-IoT-v3",
  "edge_columns": [
    "PROTOCOL",
    "L4_SRC_PORT",
    "L4_DST_PORT",
    "MIN_TTL",
    "FLOW_DURATION_MILLISECONDS",
    "TOTAL_PKTS",
    "TOTAL_BYTES"
  ],
  "log1p_columns": [],
  "train_time_sec": 172.56521320343018,
  "infer_time_sec": 25.779057502746582,
  "best_epoch": 21,
  "epochs_trained": 85,
  "best_val_mse": 0.24321120833333335
}