{
  "auc_roc": 0.8185548543579642,
  "pr_auc": 0.7378267292655454,
  "threshold": 3.738646984100342,
  "precision": 0.947417217027024,
  "recall": 0.7514093521065388,
  "f1": 0.8381057491747839,
  "fpr": 0.0041467969739394485,
  "tpr": 0.7514093521065388,
  "tp": 82773,
  "fp": 4594,
  "tn": 1103249,
  "fn": 27384,
  "n_eval_edges": 1218000,
  "calibrated_thresholds": [],
  "infer_time_sec": 6.019220352172852,
  "dataset": "NF-UNSW-NB15-v3",
  "mode": "federated_fedavg",
  "shared_weight": "fedavg",
  "personalisation": "na",
  "secagg": false,
  "trained_on": [
    "NF-BoT-IoT-v3",
    "NF-ToN-IoT-v3",
    "NF-CICIDS2018-v3"
  ],
  "edge_columns": "baseline",
  "log1p_columns": "baseline",
  "rounds_trained": 50,
  "train_time_sec": 124.41952061653137,
  "adabn_batches": null,
  "eval_time_sec": 10.65991759300232
}